<BackupInst xmlns="http://www.microsoft.com/GroupPolicy/GPOOperations/Manifest"><GPOGuid><![CDATA[{89108063-67E3-4CC5-A3E5-3A2A75F7601F}]]></GPOGuid><GPODomain><![CDATA[security.local]]></GPODomain><GPODomainGuid><![CDATA[{1aa99723-c6bc-446c-aa05-83ce7e927986}]]></GPODomainGuid><GPODomainController><![CDATA[DC-SEC-01.security.local]]></GPODomainController><BackupTime><![CDATA[2017-10-12T16:02:01]]></BackupTime><ID><![CDATA[{936B71B9-7569-4F90-91D1-AACF7DFD3633}]]></ID><Comment><![CDATA[]]></Comment><GPODisplayName><![CDATA[DoD Skype for Business 2016 STIG Computer v1r1]]></GPODisplayName></BackupInst>
