<BackupInst xmlns="http://www.microsoft.com/GroupPolicy/GPOOperations/Manifest"><GPOGuid><![CDATA[{C3BA6C5D-6F87-4DA1-AAFD-47AAC225CDE3}]]></GPOGuid><GPODomain><![CDATA[security.local]]></GPODomain><GPODomainGuid><![CDATA[{1aa99723-c6bc-446c-aa05-83ce7e927986}]]></GPODomainGuid><GPODomainController><![CDATA[DC-SEC-01.security.local]]></GPODomainController><BackupTime><![CDATA[2017-10-12T16:18:10]]></BackupTime><ID><![CDATA[{DDF51B7C-C420-4BF7-A8BE-1AB1E2265365}]]></ID><Comment><![CDATA[]]></Comment><GPODisplayName><![CDATA[DoD Lync 2013 STIG Computer v1r3]]></GPODisplayName></BackupInst>
