<BackupInst xmlns="http://www.microsoft.com/GroupPolicy/GPOOperations/Manifest"><GPOGuid><![CDATA[{6D72F881-8D75-4817-ADA0-BCAC93FCE59B}]]></GPOGuid><GPODomain><![CDATA[security.local]]></GPODomain><GPODomainGuid><![CDATA[{1aa99723-c6bc-446c-aa05-83ce7e927986}]]></GPODomainGuid><GPODomainController><![CDATA[DC-SEC-01.security.local]]></GPODomainController><BackupTime><![CDATA[2017-10-12T16:18:10]]></BackupTime><ID><![CDATA[{EEAD20CF-E298-4426-8183-6C05865143B0}]]></ID><Comment><![CDATA[]]></Comment><GPODisplayName><![CDATA[DoD Infopath 2013 STIG User v1r4]]></GPODisplayName></BackupInst>
