<BackupInst xmlns="http://www.microsoft.com/GroupPolicy/GPOOperations/Manifest"><GPOGuid><![CDATA[{76F8278A-2804-4C92-9F69-F6453A46D0DA}]]></GPOGuid><GPODomain><![CDATA[security.local]]></GPODomain><GPODomainGuid><![CDATA[{1aa99723-c6bc-446c-aa05-83ce7e927986}]]></GPODomainGuid><GPODomainController><![CDATA[DC-SEC-01.security.local]]></GPODomainController><BackupTime><![CDATA[2017-08-02T14:24:28]]></BackupTime><ID><![CDATA[{33A5ADCE-5167-4F1B-BA22-27CD60C3D13A}]]></ID><Comment><![CDATA[]]></Comment><GPODisplayName><![CDATA[DoD Internet Explorer 11 STIG Computer v1r13]]></GPODisplayName></BackupInst>
