<Backups xmlns="http://www.microsoft.com/GroupPolicy/GPOOperations/Manifest" xmlns:mfst="http://www.microsoft.com/GroupPolicy/GPOOperations/Manifest" mfst:version="1.0"><BackupInst><GPOGuid><![CDATA[{15502A2B-8FA4-4862-A485-372A57B8BC2D}]]></GPOGuid><GPODomain><![CDATA[security.local]]></GPODomain><GPODomainGuid><![CDATA[{1aa99723-c6bc-446c-aa05-83ce7e927986}]]></GPODomainGuid><GPODomainController><![CDATA[DC-SEC-01.security.local]]></GPODomainController><BackupTime><![CDATA[2017-10-12T16:02:01]]></BackupTime><ID><![CDATA[{E4C72DAE-1267-41BC-BA58-ABDDD40D2266}]]></ID><Comment><![CDATA[]]></Comment><GPODisplayName><![CDATA[DoD Word 2016 STIG User v1r1]]></GPODisplayName></BackupInst><BackupInst><GPOGuid><![CDATA[{67A4A1D1-6698-461F-90D8-204CF7AD585A}]]></GPOGuid><GPODomain><![CDATA[security.local]]></GPODomain><GPODomainGuid><![CDATA[{1aa99723-c6bc-446c-aa05-83ce7e927986}]]></GPODomainGuid><GPODomainController><![CDATA[DC-SEC-01.security.local]]></GPODomainController><BackupTime><![CDATA[2017-10-12T16:02:01]]></BackupTime><ID><![CDATA[{5D4AF248-8BB9-4F22-BEE7-9B3FCB6FCA9A}]]></ID><Comment><![CDATA[]]></Comment><GPODisplayName><![CDATA[DoD Visio 2016 STIG User v1r1]]></GPODisplayName></BackupInst><BackupInst><GPOGuid><![CDATA[{89108063-67E3-4CC5-A3E5-3A2A75F7601F}]]></GPOGuid><GPODomain><![CDATA[security.local]]></GPODomain><GPODomainGuid><![CDATA[{1aa99723-c6bc-446c-aa05-83ce7e927986}]]></GPODomainGuid><GPODomainController><![CDATA[DC-SEC-01.security.local]]></GPODomainController><BackupTime><![CDATA[2017-10-12T16:02:01]]></BackupTime><ID><![CDATA[{936B71B9-7569-4F90-91D1-AACF7DFD3633}]]></ID><Comment><![CDATA[]]></Comment><GPODisplayName><![CDATA[DoD Skype for Business 2016 STIG Computer v1r1]]></GPODisplayName></BackupInst><BackupInst><GPOGuid><![CDATA[{7F779B52-FAE8-43BC-9539-EAB48D94CAF1}]]></GPOGuid><GPODomain><![CDATA[security.local]]></GPODomain><GPODomainGuid><![CDATA[{1aa99723-c6bc-446c-aa05-83ce7e927986}]]></GPODomainGuid><GPODomainController><![CDATA[DC-SEC-01.security.local]]></GPODomainController><BackupTime><![CDATA[2017-10-12T16:02:00]]></BackupTime><ID><![CDATA[{46009276-C7E3-4722-92B3-58D79B656D26}]]></ID><Comment><![CDATA[]]></Comment><GPODisplayName><![CDATA[DoD Publisher 2016 STIG User v1r2]]></GPODisplayName></BackupInst><BackupInst><GPOGuid><![CDATA[{FA68CDBA-A5D3-4645-9046-0E83D6F7AEDB}]]></GPOGuid><GPODomain><![CDATA[security.local]]></GPODomain><GPODomainGuid><![CDATA[{1aa99723-c6bc-446c-aa05-83ce7e927986}]]></GPODomainGuid><GPODomainController><![CDATA[DC-SEC-01.security.local]]></GPODomainController><BackupTime><![CDATA[2017-10-12T16:02:00]]></BackupTime><ID><![CDATA[{732FC6DF-6A3B-4E32-9667-9B4CE59692C1}]]></ID><Comment><![CDATA[]]></Comment><GPODisplayName><![CDATA[DoD Project 2016 STIG User v1r1]]></GPODisplayName></BackupInst><BackupInst><GPOGuid><![CDATA[{48018FEF-4B9B-4B29-8C98-C29175D0C936}]]></GPOGuid><GPODomain><![CDATA[security.local]]></GPODomain><GPODomainGuid><![CDATA[{1aa99723-c6bc-446c-aa05-83ce7e927986}]]></GPODomainGuid><GPODomainController><![CDATA[DC-SEC-01.security.local]]></GPODomainController><BackupTime><![CDATA[2017-10-12T16:02:00]]></BackupTime><ID><![CDATA[{18D77CC5-7D7A-4FB8-A16D-8A950B7BD885}]]></ID><Comment><![CDATA[]]></Comment><GPODisplayName><![CDATA[DoD PowerPoint 2016 STIG User v1r1]]></GPODisplayName></BackupInst><BackupInst><GPOGuid><![CDATA[{8CC2C6ED-140B-4A21-8106-F469FA1387D7}]]></GPOGuid><GPODomain><![CDATA[security.local]]></GPODomain><GPODomainGuid><![CDATA[{1aa99723-c6bc-446c-aa05-83ce7e927986}]]></GPODomainGuid><GPODomainController><![CDATA[DC-SEC-01.security.local]]></GPODomainController><BackupTime><![CDATA[2017-10-12T16:02:00]]></BackupTime><ID><![CDATA[{E47567A8-FC1F-40AF-9540-8E9CAA46208D}]]></ID><Comment><![CDATA[]]></Comment><GPODisplayName><![CDATA[DoD Outlook 2016 STIG User v1r2]]></GPODisplayName></BackupInst><BackupInst><GPOGuid><![CDATA[{09131677-BAB1-4BFA-9426-95A93963B97C}]]></GPOGuid><GPODomain><![CDATA[security.local]]></GPODomain><GPODomainGuid><![CDATA[{1aa99723-c6bc-446c-aa05-83ce7e927986}]]></GPODomainGuid><GPODomainController><![CDATA[DC-SEC-01.security.local]]></GPODomainController><BackupTime><![CDATA[2017-10-12T16:02:00]]></BackupTime><ID><![CDATA[{01F6E8EA-1785-4207-B1CD-60E717109633}]]></ID><Comment><![CDATA[]]></Comment><GPODisplayName><![CDATA[DoD OneDrive for Business 2016 STIG User v1r2]]></GPODisplayName></BackupInst><BackupInst><GPOGuid><![CDATA[{7E0D6E43-5F42-4150-84B9-2713420E9699}]]></GPOGuid><GPODomain><![CDATA[security.local]]></GPODomain><GPODomainGuid><![CDATA[{1aa99723-c6bc-446c-aa05-83ce7e927986}]]></GPODomainGuid><GPODomainController><![CDATA[DC-SEC-01.security.local]]></GPODomainController><BackupTime><![CDATA[2017-10-12T16:02:00]]></BackupTime><ID><![CDATA[{1620FDE3-DCA5-4965-BB94-FAC7FD54E39A}]]></ID><Comment><![CDATA[]]></Comment><GPODisplayName><![CDATA[DoD OneDrive for Business 2016 STIG Computer v1r2]]></GPODisplayName></BackupInst><BackupInst><GPOGuid><![CDATA[{11ED88B0-4683-4915-85F9-DF15D9CE236A}]]></GPOGuid><GPODomain><![CDATA[security.local]]></GPODomain><GPODomainGuid><![CDATA[{1aa99723-c6bc-446c-aa05-83ce7e927986}]]></GPODomainGuid><GPODomainController><![CDATA[DC-SEC-01.security.local]]></GPODomainController><BackupTime><![CDATA[2017-10-12T16:02:00]]></BackupTime><ID><![CDATA[{750BC3BE-38B9-4DEB-9167-C5639B881758}]]></ID><Comment><![CDATA[]]></Comment><GPODisplayName><![CDATA[DoD Office System 2016 STIG User v1r1]]></GPODisplayName></BackupInst><BackupInst><GPOGuid><![CDATA[{63E5584E-A2C6-461B-96AE-C7F28D6EAD99}]]></GPOGuid><GPODomain><![CDATA[security.local]]></GPODomain><GPODomainGuid><![CDATA[{1aa99723-c6bc-446c-aa05-83ce7e927986}]]></GPODomainGuid><GPODomainController><![CDATA[DC-SEC-01.security.local]]></GPODomainController><BackupTime><![CDATA[2017-10-12T16:01:59]]></BackupTime><ID><![CDATA[{8D4FABCB-9244-4AD5-BAC8-A8CDDB6C1CE9}]]></ID><Comment><![CDATA[]]></Comment><GPODisplayName><![CDATA[DoD Office System 2016 STIG Computer v1r1]]></GPODisplayName></BackupInst><BackupInst><GPOGuid><![CDATA[{7F38D42E-D506-4041-9E7D-9C4435CC2F60}]]></GPOGuid><GPODomain><![CDATA[security.local]]></GPODomain><GPODomainGuid><![CDATA[{1aa99723-c6bc-446c-aa05-83ce7e927986}]]></GPODomainGuid><GPODomainController><![CDATA[DC-SEC-01.security.local]]></GPODomainController><BackupTime><![CDATA[2017-10-12T16:01:59]]></BackupTime><ID><![CDATA[{EF9EDDCA-6F36-4211-B365-147E747B8889}]]></ID><Comment><![CDATA[]]></Comment><GPODisplayName><![CDATA[DoD Excel 2016 STIG User v1r2]]></GPODisplayName></BackupInst><BackupInst><GPOGuid><![CDATA[{DB6EABE0-4D83-48AF-8134-3F7609989757}]]></GPOGuid><GPODomain><![CDATA[security.local]]></GPODomain><GPODomainGuid><![CDATA[{1aa99723-c6bc-446c-aa05-83ce7e927986}]]></GPODomainGuid><GPODomainController><![CDATA[DC-SEC-01.security.local]]></GPODomainController><BackupTime><![CDATA[2017-10-12T16:01:59]]></BackupTime><ID><![CDATA[{6C5FF886-06A4-4EF8-AB1D-53B8833BE785}]]></ID><Comment><![CDATA[]]></Comment><GPODisplayName><![CDATA[DoD Access 2016 STIG User v1r1]]></GPODisplayName></BackupInst></Backups>