<Backups xmlns="http://www.microsoft.com/GroupPolicy/GPOOperations/Manifest" xmlns:mfst="http://www.microsoft.com/GroupPolicy/GPOOperations/Manifest" mfst:version="1.0"><BackupInst><GPOGuid><![CDATA[{2E95D60B-2205-4050-87F6-46EAB0A585D3}]]></GPOGuid><GPODomain><![CDATA[security.local]]></GPODomain><GPODomainGuid><![CDATA[{1aa99723-c6bc-446c-aa05-83ce7e927986}]]></GPODomainGuid><GPODomainController><![CDATA[DC-SEC-01.security.local]]></GPODomainController><BackupTime><![CDATA[2017-10-12T16:18:11]]></BackupTime><ID><![CDATA[{46E268C2-C90A-4D7D-8C71-68C9E1242995}]]></ID><Comment><![CDATA[]]></Comment><GPODisplayName><![CDATA[DoD Word 2013 STIG User v1r5]]></GPODisplayName></BackupInst><BackupInst><GPOGuid><![CDATA[{74C592E0-2AC5-479F-A895-4E400C1127EC}]]></GPOGuid><GPODomain><![CDATA[security.local]]></GPODomain><GPODomainGuid><![CDATA[{1aa99723-c6bc-446c-aa05-83ce7e927986}]]></GPODomainGuid><GPODomainController><![CDATA[DC-SEC-01.security.local]]></GPODomainController><BackupTime><![CDATA[2017-10-12T16:18:11]]></BackupTime><ID><![CDATA[{8EB33110-A3D9-4EEB-96AB-FEA4FE1A8B60}]]></ID><Comment><![CDATA[]]></Comment><GPODisplayName><![CDATA[DoD Visio 2013 STIG User v1r3]]></GPODisplayName></BackupInst><BackupInst><GPOGuid><![CDATA[{D3ED87FB-4355-4A7F-BAFE-D8913DD51107}]]></GPOGuid><GPODomain><![CDATA[security.local]]></GPODomain><GPODomainGuid><![CDATA[{1aa99723-c6bc-446c-aa05-83ce7e927986}]]></GPODomainGuid><GPODomainController><![CDATA[DC-SEC-01.security.local]]></GPODomainController><BackupTime><![CDATA[2017-10-12T16:18:11]]></BackupTime><ID><![CDATA[{787F8DFC-9E7B-4C88-8463-06B34F001A18}]]></ID><Comment><![CDATA[]]></Comment><GPODisplayName><![CDATA[DoD Publisher 2013 STIG User v1r4]]></GPODisplayName></BackupInst><BackupInst><GPOGuid><![CDATA[{7B2A8200-4601-4943-A00E-84750F9D700F}]]></GPOGuid><GPODomain><![CDATA[security.local]]></GPODomain><GPODomainGuid><![CDATA[{1aa99723-c6bc-446c-aa05-83ce7e927986}]]></GPODomainGuid><GPODomainController><![CDATA[DC-SEC-01.security.local]]></GPODomainController><BackupTime><![CDATA[2017-10-12T16:18:11]]></BackupTime><ID><![CDATA[{23B8443B-B64B-4BDE-8E5C-CD3790779CED}]]></ID><Comment><![CDATA[]]></Comment><GPODisplayName><![CDATA[DoD Project 2013 STIG User v1r3]]></GPODisplayName></BackupInst><BackupInst><GPOGuid><![CDATA[{5676D8CB-15CF-482B-81BC-883055193107}]]></GPOGuid><GPODomain><![CDATA[security.local]]></GPODomain><GPODomainGuid><![CDATA[{1aa99723-c6bc-446c-aa05-83ce7e927986}]]></GPODomainGuid><GPODomainController><![CDATA[DC-SEC-01.security.local]]></GPODomainController><BackupTime><![CDATA[2017-10-12T16:18:10]]></BackupTime><ID><![CDATA[{43302DA0-E5C3-4EA0-A10F-A45BC1327FEE}]]></ID><Comment><![CDATA[]]></Comment><GPODisplayName><![CDATA[DoD PowerPoint 2013 STIG User v1r5]]></GPODisplayName></BackupInst><BackupInst><GPOGuid><![CDATA[{9408F710-CD9D-41FA-B3B8-26C06A12C693}]]></GPOGuid><GPODomain><![CDATA[security.local]]></GPODomain><GPODomainGuid><![CDATA[{1aa99723-c6bc-446c-aa05-83ce7e927986}]]></GPODomainGuid><GPODomainController><![CDATA[DC-SEC-01.security.local]]></GPODomainController><BackupTime><![CDATA[2017-10-12T16:18:10]]></BackupTime><ID><![CDATA[{306988A4-37B3-4846-A266-024FEB79C061}]]></ID><Comment><![CDATA[]]></Comment><GPODisplayName><![CDATA[DoD Outlook 2013 STIG User v1r11]]></GPODisplayName></BackupInst><BackupInst><GPOGuid><![CDATA[{D26059E3-ECCA-40CE-8A3B-D27AB251E684}]]></GPOGuid><GPODomain><![CDATA[security.local]]></GPODomain><GPODomainGuid><![CDATA[{1aa99723-c6bc-446c-aa05-83ce7e927986}]]></GPODomainGuid><GPODomainController><![CDATA[DC-SEC-01.security.local]]></GPODomainController><BackupTime><![CDATA[2017-10-12T16:18:10]]></BackupTime><ID><![CDATA[{791D6257-6567-47FF-8338-C3C184A03D65}]]></ID><Comment><![CDATA[]]></Comment><GPODisplayName><![CDATA[DoD Office System 2013 STIG User v1r5]]></GPODisplayName></BackupInst><BackupInst><GPOGuid><![CDATA[{8C428D23-6DCB-4AA7-A611-24C322F617BA}]]></GPOGuid><GPODomain><![CDATA[security.local]]></GPODomain><GPODomainGuid><![CDATA[{1aa99723-c6bc-446c-aa05-83ce7e927986}]]></GPODomainGuid><GPODomainController><![CDATA[DC-SEC-01.security.local]]></GPODomainController><BackupTime><![CDATA[2017-10-12T16:18:10]]></BackupTime><ID><![CDATA[{00BC33DA-2413-4BA5-B9A5-7AA1A5082FEC}]]></ID><Comment><![CDATA[]]></Comment><GPODisplayName><![CDATA[DoD Office System 2013 STIG Computer v1r5]]></GPODisplayName></BackupInst><BackupInst><GPOGuid><![CDATA[{C3BA6C5D-6F87-4DA1-AAFD-47AAC225CDE3}]]></GPOGuid><GPODomain><![CDATA[security.local]]></GPODomain><GPODomainGuid><![CDATA[{1aa99723-c6bc-446c-aa05-83ce7e927986}]]></GPODomainGuid><GPODomainController><![CDATA[DC-SEC-01.security.local]]></GPODomainController><BackupTime><![CDATA[2017-10-12T16:18:10]]></BackupTime><ID><![CDATA[{DDF51B7C-C420-4BF7-A8BE-1AB1E2265365}]]></ID><Comment><![CDATA[]]></Comment><GPODisplayName><![CDATA[DoD Lync 2013 STIG Computer v1r3]]></GPODisplayName></BackupInst><BackupInst><GPOGuid><![CDATA[{6D72F881-8D75-4817-ADA0-BCAC93FCE59B}]]></GPOGuid><GPODomain><![CDATA[security.local]]></GPODomain><GPODomainGuid><![CDATA[{1aa99723-c6bc-446c-aa05-83ce7e927986}]]></GPODomainGuid><GPODomainController><![CDATA[DC-SEC-01.security.local]]></GPODomainController><BackupTime><![CDATA[2017-10-12T16:18:10]]></BackupTime><ID><![CDATA[{EEAD20CF-E298-4426-8183-6C05865143B0}]]></ID><Comment><![CDATA[]]></Comment><GPODisplayName><![CDATA[DoD Infopath 2013 STIG User v1r4]]></GPODisplayName></BackupInst><BackupInst><GPOGuid><![CDATA[{378047E0-3FD7-4D7C-ABB0-6A0C7D466327}]]></GPOGuid><GPODomain><![CDATA[security.local]]></GPODomain><GPODomainGuid><![CDATA[{1aa99723-c6bc-446c-aa05-83ce7e927986}]]></GPODomainGuid><GPODomainController><![CDATA[DC-SEC-01.security.local]]></GPODomainController><BackupTime><![CDATA[2017-10-12T16:18:10]]></BackupTime><ID><![CDATA[{0657D193-E895-4049-8A18-F8507882242A}]]></ID><Comment><![CDATA[]]></Comment><GPODisplayName><![CDATA[DoD Infopath 2013 STIG Computer v1r4]]></GPODisplayName></BackupInst><BackupInst><GPOGuid><![CDATA[{39EE73FC-E6AC-4D66-B6E8-55F590A2C155}]]></GPOGuid><GPODomain><![CDATA[security.local]]></GPODomain><GPODomainGuid><![CDATA[{1aa99723-c6bc-446c-aa05-83ce7e927986}]]></GPODomainGuid><GPODomainController><![CDATA[DC-SEC-01.security.local]]></GPODomainController><BackupTime><![CDATA[2017-10-12T16:18:09]]></BackupTime><ID><![CDATA[{0A25C92F-3B39-46DB-B5CF-F197773BAB23}]]></ID><Comment><![CDATA[]]></Comment><GPODisplayName><![CDATA[DoD Excel 2013 STIG User v1r6]]></GPODisplayName></BackupInst><BackupInst><GPOGuid><![CDATA[{7F3BCD2C-837B-46A0-8CB8-FC0F02A9D9EE}]]></GPOGuid><GPODomain><![CDATA[security.local]]></GPODomain><GPODomainGuid><![CDATA[{1aa99723-c6bc-446c-aa05-83ce7e927986}]]></GPODomainGuid><GPODomainController><![CDATA[DC-SEC-01.security.local]]></GPODomainController><BackupTime><![CDATA[2017-10-12T16:18:05]]></BackupTime><ID><![CDATA[{BDBD4822-C4B8-4CFD-A091-FE003705999A}]]></ID><Comment><![CDATA[]]></Comment><GPODisplayName><![CDATA[DoD Access 2013 STIG User v1r5]]></GPODisplayName></BackupInst></Backups>