<BackupInst xmlns="http://www.microsoft.com/GroupPolicy/GPOOperations/Manifest"><GPOGuid><![CDATA[{FA68CDBA-A5D3-4645-9046-0E83D6F7AEDB}]]></GPOGuid><GPODomain><![CDATA[security.local]]></GPODomain><GPODomainGuid><![CDATA[{1aa99723-c6bc-446c-aa05-83ce7e927986}]]></GPODomainGuid><GPODomainController><![CDATA[DC-SEC-01.security.local]]></GPODomainController><BackupTime><![CDATA[2017-10-12T16:02:00]]></BackupTime><ID><![CDATA[{732FC6DF-6A3B-4E32-9667-9B4CE59692C1}]]></ID><Comment><![CDATA[]]></Comment><GPODisplayName><![CDATA[DoD Project 2016 STIG User v1r1]]></GPODisplayName></BackupInst>
