<BackupInst xmlns="http://www.microsoft.com/GroupPolicy/GPOOperations/Manifest"><GPOGuid><![CDATA[{F349F5BC-6A18-4922-A567-F4B3395B2D03}]]></GPOGuid><GPODomain><![CDATA[security.local]]></GPODomain><GPODomainGuid><![CDATA[{1aa99723-c6bc-446c-aa05-83ce7e927986}]]></GPODomainGuid><GPODomainController><![CDATA[DC-SEC-01.security.local]]></GPODomainController><BackupTime><![CDATA[2017-10-12T15:52:14]]></BackupTime><ID><![CDATA[{03EF1236-740E-4629-ACC6-E8129FB466C7}]]></ID><Comment><![CDATA[]]></Comment><GPODisplayName><![CDATA[DoD Google Chrome STIG Computer v1r10]]></GPODisplayName></BackupInst>
