<Backups xmlns="http://www.microsoft.com/GroupPolicy/GPOOperations/Manifest" xmlns:mfst="http://www.microsoft.com/GroupPolicy/GPOOperations/Manifest" mfst:version="1.0"><BackupInst><GPOGuid><![CDATA[{AA424C21-14FB-404D-BDB3-456F0792450C}]]></GPOGuid><GPODomain><![CDATA[security.local]]></GPODomain><GPODomainGuid><![CDATA[{1aa99723-c6bc-446c-aa05-83ce7e927986}]]></GPODomainGuid><GPODomainController><![CDATA[DC-SEC-01.security.local]]></GPODomainController><BackupTime><![CDATA[2017-10-26T17:16:28]]></BackupTime><ID><![CDATA[{B7556BB5-798B-4978-A46B-0833CE815328}]]></ID><Comment><![CDATA[]]></Comment><GPODisplayName><![CDATA[DoD Windows Server 2012 R2 Member Server STIG User v2r10]]></GPODisplayName></BackupInst><BackupInst><GPOGuid><![CDATA[{76E51405-E077-4428-9A3B-614D4553C897}]]></GPOGuid><GPODomain><![CDATA[security.local]]></GPODomain><GPODomainGuid><![CDATA[{1aa99723-c6bc-446c-aa05-83ce7e927986}]]></GPODomainGuid><GPODomainController><![CDATA[DC-SEC-01.security.local]]></GPODomainController><BackupTime><![CDATA[2017-10-26T17:16:28]]></BackupTime><ID><![CDATA[{2CDA29CA-43B3-4750-8395-E505E96803C2}]]></ID><Comment><![CDATA[]]></Comment><GPODisplayName><![CDATA[DoD Windows Server 2012 R2 Member Server STIG Computer v2r10]]></GPODisplayName></BackupInst><BackupInst><GPOGuid><![CDATA[{977A83D3-66F2-4B96-BC5F-A7B817836547}]]></GPOGuid><GPODomain><![CDATA[security.local]]></GPODomain><GPODomainGuid><![CDATA[{1aa99723-c6bc-446c-aa05-83ce7e927986}]]></GPODomainGuid><GPODomainController><![CDATA[DC-SEC-01.security.local]]></GPODomainController><BackupTime><![CDATA[2017-10-26T17:16:28]]></BackupTime><ID><![CDATA[{C9A0A68E-3552-4E6B-9EC2-74732B182D04}]]></ID><Comment><![CDATA[]]></Comment><GPODisplayName><![CDATA[DoD Windows Server 2012 R2 Domain Controller STIG User v2r10]]></GPODisplayName></BackupInst><BackupInst><GPOGuid><![CDATA[{EA46BD30-8DE4-4D05-AC9D-181A1B51C39D}]]></GPOGuid><GPODomain><![CDATA[security.local]]></GPODomain><GPODomainGuid><![CDATA[{1aa99723-c6bc-446c-aa05-83ce7e927986}]]></GPODomainGuid><GPODomainController><![CDATA[DC-SEC-01.security.local]]></GPODomainController><BackupTime><![CDATA[2017-10-26T17:16:24]]></BackupTime><ID><![CDATA[{A040821A-58DA-4ED9-B1B2-38880518EF7A}]]></ID><Comment><![CDATA[]]></Comment><GPODisplayName><![CDATA[DoD Windows Server 2012 R2 Domain Controller STIG Computer v2r10]]></GPODisplayName></BackupInst></Backups>