<BackupInst xmlns="http://www.microsoft.com/GroupPolicy/GPOOperations/Manifest"><GPOGuid><![CDATA[{76E51405-E077-4428-9A3B-614D4553C897}]]></GPOGuid><GPODomain><![CDATA[security.local]]></GPODomain><GPODomainGuid><![CDATA[{1aa99723-c6bc-446c-aa05-83ce7e927986}]]></GPODomainGuid><GPODomainController><![CDATA[DC-SEC-01.security.local]]></GPODomainController><BackupTime><![CDATA[2017-10-26T17:16:28]]></BackupTime><ID><![CDATA[{2CDA29CA-43B3-4750-8395-E505E96803C2}]]></ID><Comment><![CDATA[]]></Comment><GPODisplayName><![CDATA[DoD Windows Server 2012 R2 Member Server STIG Computer v2r10]]></GPODisplayName></BackupInst>
