<BackupInst xmlns="http://www.microsoft.com/GroupPolicy/GPOOperations/Manifest"><GPOGuid><![CDATA[{378047E0-3FD7-4D7C-ABB0-6A0C7D466327}]]></GPOGuid><GPODomain><![CDATA[security.local]]></GPODomain><GPODomainGuid><![CDATA[{1aa99723-c6bc-446c-aa05-83ce7e927986}]]></GPODomainGuid><GPODomainController><![CDATA[DC-SEC-01.security.local]]></GPODomainController><BackupTime><![CDATA[2017-10-12T16:18:10]]></BackupTime><ID><![CDATA[{0657D193-E895-4049-8A18-F8507882242A}]]></ID><Comment><![CDATA[]]></Comment><GPODisplayName><![CDATA[DoD Infopath 2013 STIG Computer v1r4]]></GPODisplayName></BackupInst>
