<BackupInst xmlns="http://www.microsoft.com/GroupPolicy/GPOOperations/Manifest"><GPOGuid><![CDATA[{9408F710-CD9D-41FA-B3B8-26C06A12C693}]]></GPOGuid><GPODomain><![CDATA[security.local]]></GPODomain><GPODomainGuid><![CDATA[{1aa99723-c6bc-446c-aa05-83ce7e927986}]]></GPODomainGuid><GPODomainController><![CDATA[DC-SEC-01.security.local]]></GPODomainController><BackupTime><![CDATA[2017-10-12T16:18:10]]></BackupTime><ID><![CDATA[{306988A4-37B3-4846-A266-024FEB79C061}]]></ID><Comment><![CDATA[]]></Comment><GPODisplayName><![CDATA[DoD Outlook 2013 STIG User v1r11]]></GPODisplayName></BackupInst>
