<BackupInst xmlns="http://www.microsoft.com/GroupPolicy/GPOOperations/Manifest"><GPOGuid><![CDATA[{48018FEF-4B9B-4B29-8C98-C29175D0C936}]]></GPOGuid><GPODomain><![CDATA[security.local]]></GPODomain><GPODomainGuid><![CDATA[{1aa99723-c6bc-446c-aa05-83ce7e927986}]]></GPODomainGuid><GPODomainController><![CDATA[DC-SEC-01.security.local]]></GPODomainController><BackupTime><![CDATA[2017-10-12T16:02:00]]></BackupTime><ID><![CDATA[{18D77CC5-7D7A-4FB8-A16D-8A950B7BD885}]]></ID><Comment><![CDATA[]]></Comment><GPODisplayName><![CDATA[DoD PowerPoint 2016 STIG User v1r1]]></GPODisplayName></BackupInst>
